user_id,username,password
0,vijay,vijay
1,user1,pass1
2,user2,pass2
3,user3,pass3
4,user4,pass4
5,user5,pass5
6,user6,pass6
7,user7,pass7
8,user8,pass8
9,user9,pass9
10,user10,pass10
11,user11,pass11
12,user12,pass12
13,user13,pass13
14,user14,pass14
15,user15,pass15
16,user16,pass16
17,user17,pass17
18,user18,pass18
19,user19,pass19
20,user20,pass20
21,user21,pass21
22,user22,pass22
23,user23,pass23
24,user24,pass24
25,user25,pass25
26,user26,pass26
27,user27,pass27
28,user28,pass28
29,user29,pass29
30,user30,pass30